Model,Baseline Accuracy,Accuracy,Precision,Recall,F1,Runtime
baseline,0.516,0.966,0.9629629629629629,0.9669421487603306,0.9649484536082474,1133.5531553399996
colbert_doc,0.516,0.961,0.9625779625779626,0.9566115702479339,0.9595854922279792,1274.0596346879993
baseline_sent,0.516,0.961,0.9606625258799172,0.9586776859504132,0.9596690796277145,1715.6434038120005
colbert_sent,0.516,0.961,0.9704016913319239,0.9483471074380165,0.9592476489028214,1998.740467923999
colbert_2sent,0.516,0.958,0.9473684210526315,0.9669421487603306,0.9570552147239264,942.1279353440004
colbert_simple,0.516,0.962,0.9868995633187773,0.9338842975206612,0.9596602972399151,1788.4207190920006
colbert_full_model,0.516,0.97,0.96900826446281,0.96900826446281,0.96900826446281,2700.64826067099784
colbert_5k,0.516,0.964,0.959016,0.966942,0.962963,1712.479673
